"Product","Category"
"Product153","Category3"
"Product167","Category3"
"Product163","Category3"
"Product139","Category3"
"Product170","Category3"
"Product174","Category3"
"Product172","Category3"
"Product173","Category3"
"Product175","Category3"
"Product168","Category3"
"Product171","Category3"
"Product176","Category3"
"Product166","Category3"
"Product120","Category3"
"Product180","Category3"
"Product178","Category3"
"Product179","Category3"
"Product182","Category3"
"Product177","Category3"
"Product53","Category3"
"Product134","Category3"
"Product102","Category3"
"Product99","Category3"
"Product98","Category3"
"Product100","Category3"
"Product97","Category3"
"Product133","Category3"
"Product130","Category3"
"Product161","Category3"
"Product152","Category3"
"Product131","Category3"
"Product56","Category3"
"Product109","Category3"
"Product137","Category3"
"Product22","Category3"
"Product85","Category3"
"Product112","Category3"
"Product86","Category3"
"Product136","Category3"
"Product135","Category3"
"Product138","Category3"
"Product116","Category3"
"Product73","Category3"
"Product117","Category3"
"Product45","Category3"
"Product12","Category3"
"Product46","Category3"
"Product55","Category3"
"Product47","Category3"
"Product32","Category3"
"Product16","Category3"
"Product87","Category3"
"Product103","Category3"
"Product105","Category3"
"Product54","Category3"
"Product83","Category3"
"Product89","Category3"
"Product82","Category3"
"Product104","Category3"
"Product15","Category3"
"Product7","Category3"
"Product2","Category3"
"Product88","Category3"
"Product3","Category3"
"Product4","Category3"
"Product19","Category3"
"Product115","Category3"
"Product21","Category3"
"Product36","Category3"
"Product5","Category3"
"Product18","Category3"
"Product44","Category3"
"Product63","Category3"
"Product42","Category3"
"Product108","Category3"
"Product155","Category3"
"Product143","Category3"
"Product23","Category3"
"Product110","Category3"
"Product156","Category3"
"Product132","Category3"
"Product151","Category3"
"Product154","Category3"
"Product158","Category3"
"Product165","Category3"
"Product160","Category3"
"Product159","Category3"
"Product147","Category3"
"Product150","Category3"
"Product164","Category3"
"Product106","Category4"
"Product125","Category4"
"Product80","Category4"
"Product113","Category4"
"Product122","Category4"
"Product77","Category4"
"Product126","Category4"
"Product79","Category5"
"Product78","Category5"
"Product31","Category2"
"Product20","Category2"
"Product58","Category2"
"Product29","Category2"
"Product27","Category2"
"Product26","Category2"
"Product39","Category2"
"Product145","Category2"
"Product141","Category2"
"Product14","Category5"
"Product9","Category1"
"Product8","Category1"
"Product52","Category1"
"Product10","Category1"
"Product35","Category1"
"Product84","Category1"
"Product1","Category1"
"Product13","Category1"
"Product11","Category1"
"Product114","Category1"
"Product17","Category1"
"Product94","Category1"
"Product107","Category1"
"Product74","Category1"
"Product62","Category1"
"Product65","Category1"
"Product90","Category1"
"Product66","Category1"
"Product67","Category1"
"Product64","Category1"
"Product59","Category1"
"Product68","Category1"
"Product69","Category1"
"Product57","Category1"
"Product37","Category1"
"Product43","Category1"
"Product93","Category1"
"Product28","Category1"
"Product95","Category1"
"Product92","Category1"
"Product40","Category1"
"Product111","Category1"
"Product91","Category1"
"Product6","Category1"
"Product33","Category1"
"Product129","Category1"
"Product70","Category1"
"Product41","Category1"
"Product25","Category1"
"Product24","Category1"
"Product71","Category1"
"Product142","Category1"
"Product121","Category1"
"Product119","Category1"
"Product123","Category1"
"Product146","Category1"
"Product81","Category1"
"Product157","Category1"
"Product149","Category1"
"Product118","Category1"
"Product60","Category1"
"Product61","Category1"
"Product128","Category1"
"Product140","Category1"
"Product144","Category1"
"Product127","Category1"
"Product148","Category1"
"Product101","Category1"
"Product124","Category1"
"Product181","Category1"
"Product96","Category1"
"Product38","Category1"
"Product75","Category5"
"Product48","Category1"
"Product30","Category1"
"Product169","Category1"
"Product162","Category1"
"Product76","Category1"
"Product72","Category2"
"Product49","Category2"
"Product50","Category2"
"Product51","Category2"
"Product34","Category2"
